,NER
0,aapgujarat chor party
1,morbi fame
2,via whatsapp
3,newsxs anurag sharma
4,saurabhtop manakgupta
5,india
6,kalupur railway
7,days
8,mla
9,saurabhkumar cricketupdate bangladesh indvsban
10,ec
11,gujaratmorbi
12,two days
13,kidnap kanchan jariwala
14,dharamshala
15,breakingnewsshahbaz ahmed
16,thenews gujaratassemblypolls key players
17,kanchanjariwala gujarat
18,modi magicno other
19,argksa
20,malliakrjun kharge
21,east kanchan
22,gujarat ahmedabad police
23,rivaba jadejaread
24,se laga gujarat
25,rohitsharma shikhardhawan
26,mann
27,gujarat court
28,mantri msisodia
29,hindutold
30,antiparty
31,pm modis actionpacked hours
32,gujarat union
33,watch union
34,portugal
35,zaffarnama arifaajakia
36,sidhpur
37,october
38,tmc
39,ge
40,jamnagar tfm
41,shahbaz ahmed meanwhile
42,hundred
43,fitnessrohitsharma shikhardhawan
44,upasana
45,jadejas
46,jairam rameshfull story bharatjodoyatra
47,bhartiya janta party
48,veer
49,shahbaz ahmed replace
50,the next five years
51,kumar
52,gj jamnagar wish
53,mayanksharmaaap meenajoshi
54,campaigner pm
55,gujarat watch
56,gujaratassemblypollsgujarat
57,modis beard
58,odisha nominationpaper
59,narodevi yearold
60,million miles
61,riot
62,meethayer
63,bjpgujarat
64,cnnnews
65,julio ribeiro gujaratelectionsgujaratelections
66,meet imjadeja humble
67,poonambenmaadam bjpgujarat crpaatil vijaysinhjethv
68,less than five
69,gopalitalia
70,shreyasiyer sanjusamson
71,jasssrajgrewal arvindkejriwal aamaadmiparty
72,sanskari
73,jerzeyredhead sekoufranklin
74,bavla ahmedbabdthemornstandard newindianxpress santwana
75,haveaniceday
76,kagisorabada
77,ourvadodara baroda city breakingnews
78,aapmodihaitomumkinhai
79,the world cup
80,himachal pradeshnewsxs vipin
81,rahul gandhi
82,karke bola aur
83,ncp
84,amitshah cr
85,oppose ravindrajadejas
86,the days
87,gandhi
88,electionday
89,decembergujaratassemblypolls withvibesofindia bjpindia bjpgujarat
90,wednesday
91,formaly dat dey
92,season
93,gujarat congress
94,supportpmoindia bjpcentralmedia
95,aam aadmi party
96,manish
97,incgujarat
98,gujarat election commission
99,yeh modi kie chaat
100,gujarat ki
101,dixitgujarat kinjalmishra
102,aag laga de ravi randhawa
103,ji myfirstvoteformodi bharatmatakijai
104,gohil congress
105,inpics himachal pradesh assembly
106,maheshwarsinh harshpanchal vijaypatel
107,satyendra jain
108,withdraw nomination party
109,jamnagar want
110,ji kaka ji
111,himanta
112,delhi
113,break union
114,gopalitalia aapgujarat tak sadhu che ben
115,gandhi vadra
116,aamaadmiparty gopalitalia
117,gujaratpolls bjpindia
118,wel comeaap
119,gauridesaiaap reshmapatel big congratulations
120,icymi ravindra jadeja
121,gujarat ahmed patels daughter mumtazpatels
122,the next months
123,parmar bholebaba
124,vhp
125,overtake delhi
126,crpatil
127,che slogan roar hitgujaratelection
128,asia cup
129,ahmedabad district police
130,jumla king star
131,ravindra jadejas wife join
132,third
133,drzpkheni iamlalajithakor
134,amitshah pmoindia hmoindia cmogujarat
135,darr
136,indians
137,modification modihaitohmumkinhai gujaratelection
138,dputra swadeshisamvad aryanwarlord
139,mevani
140,jamnagar politics bjpindia bjpindia
141,jamnagar nominationrivabajadeja
142,himachal pradesh assembly
143,gujaratelections ravindrajadejas
144,the middle east
145,spartacurse reshmapatel aamaadmiparty
146,pibindia mibindia
147,zeekalak
148,east kanchan zariwala
149,aagujaratmainbanaavyuchekutchgujaratjaijaigarvigujaratjaijaigujarat
150,years
151,kreedon
152,dis
153,jamnagar north vidhansabha
154,congress dharamshala
155,apmc deesa
156,bhupendrabhai harshbhai
157,nikkhhiljethwa darshannpopat
158,release party
159,knpnayyar nitinagarwalinc
160,vijayeagleeye
161,gujarat aftaab
162,odis shahbaz ahmed kuldeep sen
163,aftabaminpoonawala shraddhawalkar
164,anna
165,mumbaifirst justicendtruth ksihfoundation
166,bharat singh solanki congress
167,kanchan zariwala
168,manishsisodia msisodia
169,ravindra jadejafollow cricexpoindia
170,qureshi
171,shahbaz ahmed select
172,next month
173,gujarataimim
174,dem
175,jamnagar north rivaba
176,leftarm spin
177,three
178,liesas
179,kashmir
180,sfj khalistan fund
181,gujaratelectionskitnabadlagujarat
182,jigneshmevani
183,the year old
184,drsunnysingh
185,kishans
186,shahbaz ahmedravindrajadejabangladesh
187,ma modi che
188,gujarat assembly follow
189,msisodia ji aadaraniya
190,anidigital ani
191,saturday
192,modshahs
193,eighty
194,new zealand
195,gt
196,pakistan
197,kali
198,deccan
199,samir dave
200,gujrat assembly
201,only days
202,tharad
203,six
204,mahatma gandhi
205,mla kaminibarathod join
206,bjpgujarat jpnadda gujaratelection
207,hours
208,varanasi
209,letthatsinkin yearsoflachitbarphukan
210,mein saaf
211,national circus party
212,masjid committee
213,mps mlas
214,congress bm
215,anandi patels daughter
216,facilitiesgujarat
217,namonianews mrsgandhi thakorlavingji blsanthosh
218,november
219,khalistani
220,shahbaz ahmed
221,gujarat riot
222,gujaratassemblypollsaimim
223,prem kumar
224,jignesh mevani
225,sonia gandhi party
226,congress congress congress congress congress congresscongressup
227,imprapti jamawat rivabajadeja
228,gujrat
229,nonindiangujaratelectionsshikhardhawan
230,india jersey
231,the upcoming gujarat assembly electionsgujaratassemblypolls pollswithair
232,tej jagoonly
233,jagmal vala
234,reshmapatel manojsorathiya gopalitalia
235,earlier this year
236,yogiadityanath himantabiswasarma shivrajsinghchouhan jpnadda
237,badaminewskarnataka
238,mahidharpur area
239,telangana
240,veersavarkar
241,rrbntpcresultdopmoindia railminindia ashwinivaishnaw narendramodirrbkolkata rrbrecruitment
242,ho gaya
243,reshmapatel tarishisharma pkakkar kangmalvinder
244,indvban indvsban
245,ankitagoraap brijeshfaldu anilkpatell
246,cm jairamthakurbjp
247,surat gopalitalia gopalitalia
248,lok
249,rt max
250,thata bachava
251,tonight
252,the last months
253,kejriwal lgujarati
254,punjab day
255,shah gujarat
256,aamaadmiparty
257,ek mauka thugai
258,cmbhupendrapatel ghatlodia localnews
259,realchandan jankibaat
260,jamnagar airport
261,poonawala
262,kejriwal
263,cm bhupendra patel
264,gujarat padmajajoshi report
265,lok sabha
266,anjar adipur
267,north jamnagar
268,cm manish
269,votekargujarat
270,sourabhkumar set
271,tehseenp bcci shuklarajiv pawarspeaks
272,bjpgujarat incgujarat
273,jay shah
274,devendra fadnavis
275,kkr
276,islam
277,aapgujarat
278,mehsana anigujaratassemblypolls
279,aapgujarat gopalitalia
280,cmoguj jituvaghani
281,indian jersey
282,thursday
283,morning
284,nari
285,hai
286,ishudan
287,ma joi levu
288,testssaurabhkumar
289,kasumpti
290,ourvadodara breakingnews
291,aftabaminpoonawalla
292,ketan
293,gandhiiyc
294,fadnavis himanta sarma
295,karsan vadodariya
296,hamirpur
297,aamaadmiparty raghavchadha
298,incindia spokesperson
299,newstvchannel chouhanshivraj gujaratassemblypolls
300,kankariya lake
301,msisodiabhagwantmannsanjayazadsln drsushilkrguptathenewshourpadmajajoshi
302,odis bcci
303,tussle ravindrajadejas
304,bana dega gujrat ko
305,greek
306,raha thagujaratassemblypolls congressforgujarat
307,mallikarjun kharge
308,jaishriram hindutava
309,aaprajkot mayanksharmaaap eopinionpolls reshmapatel
310,cm bhupendrapbjp
311,chamika karunaratne
312,pm
313,acp hardik makadia cybercrime
314,cm jairamthakur
315,gujarati
316,gyi hai
317,swadeshimanch ykk joinswadeshi poojamadan againstfdi sjmdelhi rmahajan ashwanimahajan
318,dcm devfadnavis
319,aaprajkot gulabmatiala
320,rivaba jadeja
321,daughterto
322,kickstart
323,ravikishan newsong
324,ceogujarat avsarsong
325,prupala
326,meet hayer slam
327,shahbaz
328,garrywalia gujaratassemblypolls projectionbjp congress
329,khambhalia
330,kamrej
331,singh raulji counterattack inamdarassemblyelections
332,cm manishsisodia
333,amankayamhai
334,sanjaykoradia congratulations
335,yogi adityanath
336,bhushanabhatt ijaivalbhatt
337,tbhdjumbergaon south gujarat
338,ratnakar bjpindia bjpgujarat
339,patel
340,roflmarwadi gopalitalia
341,leftrightcentre congress spokesperson
342,kanhaiyakumar ji speech
343,gujaratmamodiche gujarat
344,cm arvindkejriwal aamaadmipartysanjayazadsln
345,the come assembly bypolls union home minister
346,jarur dalna
347,chittagong bcci
348,sanjayazadsln aapgujarat reshmapatel
349,rt anidigital
350,aapmodihaitomumkinhai gujaratelectiongujaratassemblypolls gujratelection
351,jamnagar north
352,samebjpgujarat
353,ahmedabadmetro
354,bjpkidnapsaapcandidatekanchanjariwala
355,bjpgujarat pls
356,ravindrajadejas pic
357,gujaratassemblypolls cartoon deccanherald
358,banaya aur
359,gujaratelections gujratboycottbjp
360,emotionalassam cm hb
361,tomorrow
362,east kanchan jariwalagujarat
363,amplies
364,srivastava dinumama
365,wwwasurat aaistvairport
366,turkey
367,narendrabhai
368,yesterday
369,ab nhi gujratwithkejriwal
370,gujaratelectionsgujarat
371,expressgujarat
372,kalubhai
373,the tiny hill state
374,aam adami party
375,indvban bcci
376,anuragdhanda
377,newstvchannel hanumanbeniwal
378,pollswithair
379,godgiftnamo
380,kishan
381,knockwashingtonsundar
382,delhiaapgujarat
383,kanchanjariwalagodimedia victim
384,sanjayazadsln gopalitalia aaptelangana
385,raj suryavanshi
386,jagannath puri
387,since years
388,cr patil
389,godnightwednesdaykanchanjariwala god
390,khalistani drug
391,ke sabse
392,the electionssocialmedia assemblyelections vadodara vadodaranews news
393,sri lanka board
394,surat
395,watch narendra
396,gir
397,incmp gopsinc
398,ourvadodara
399,chahal jaspreetbumrah arshdeepsingh mohmmadshami
400,kejriwals allegation kanchan
401,china
402,madhu
403,the last years
404,kamalkantmishra sudhanidhib
405,taarak mehta star
406,indvsban
407,padmajajoshi gujarat
408,leftrightcentre shubh malhotra
409,the initial hours
410,ji
411,darvin kejariwal
412,rajeevanand sunilpatel imjadeja
413,reshmapatel anmolgaganmann ramdhaduk
414,one day
415,july
416,imjadeja imjadeja
417,vadodaras raopura balkrishna
418,poonam
419,greenery
420,few days
421,sabarmati
422,rinkaldtrivedi imjadeja
423,tajinderbagga
424,sakshijoshii
425,bjpmahilamorcha blsanthosh jpnadda
426,jaydipsinh livegujarat
427,bro
428,antiincumbencyanupama katakam
429,divyeshakbari
430,jay sardar
431,desipatrakar
432,kashmir godimedia
433,an hour
434,jpnadda blsanthosh
435,reshmapatel drfauziakhanncp pawarspeaks prafulpatel
436,jal jeevan missionjaljeevanmission amitshah
437,happeni
438,amitshah jamnagar
439,arvindkejriwal arvindkejriwal
440,jamnagar constituency
441,mla adesinh chauhan join congress party
442,electionmodihaitomumkinhai
443,aapgujarat msisodia
444,minimum year
445,karnataka
446,jai ram thakur
447,shrivastav
448,mahesh chhotubhai vasava
449,reshmapatel ramdhaduk
450,archer curran
451,gopalitalia reshmapatel
452,gujaratwithaap arvindkejriwal aapkagopalrai gopalitalia
453,nsg security
454,jamnagar airportgujaratelection
455,kanchanjariwala force
456,kanchan jariwala
457,kanchanjariwala from
458,mukul
459,arvind kejriwal
460,ceogujarat madhu
461,rivaba file
462,karsan karmur
463,garbada mahendra bhabhorgujaratelection
464,ahmedabad union
465,jamnagar nominationread
466,ram mandir
467,thekashmirfilesatiffigujarat
468,amitshah gujarat
469,sanjusamson klrahul rohitsharma teamindia
470,gandhinagar gujaratelection
471,oneeight jamawat
472,rivaba
473,jabusar navsari
474,gopalitalia aapgujarat modi
475,last few days
476,morbibridgecollapse morbi morbibridge
477,goosebumpsgujarat
478,gandhinagar south
479,rajasthan cm
480,wifegujarat
481,narendramodis
482,reshmapatel manojsorathiya
483,themornstandard santwana
484,ani
485,sunilpatel imjadeja
486,sisodia
487,north gujarat
488,the last decade
489,surat airport
490,the gujarat assembly
491,healys world cup
492,shahbaz ahmed amp
493,shikhardhawan indvsban
494,jamnagar south
495,past days
496,klrahul
497,years pm
498,ki maala
499,surat east
500,kanchanjariwala aapkepaap
501,muslims
502,east constituency
503,leader dinu blast
504,antigujarat party
505,rivabajadeja imjadeja congratulations
506,hai bhai
507,assembly elections
508,jamnagar
509,kalol assembly
510,narendra modis
511,the last two days
512,wella
513,gujarattak imjadeja
514,ji address yuvatimahila
515,gujarat gujaratelection
516,mein nahi milaarvindkejriwal
517,churah
518,cricbuzz saurabhkumar
519,anand district
520,bjpkathua
521,nonindiancasteistbccigujaratelectionsshikhardhawan
522,modis persona
523,vijaypur
524,mcstan gujaratelection
525,aapgujarat aamaadmiparty great
526,break news kanchan
527,smart hcs strong
528,ravindra jadejas
529,newsflash allindia senior selection committee
530,sourabhkumar indvsban
531,bapu
532,pm modi
533,mehsana gujarat
534,finish day
535,nadaun assembly
536,months
537,ps aks gujarati
538,kuldeepsen india
539,rrbntpcresultdodeclarentpclresultpmoindia railminindia ashwinivaishnaw narendramodirrbkolkata
540,amcgujarat
541,mla niranjan
542,modinarendramodi gujarat
543,kaha hui bcci
544,today
545,the asia cup
546,congress
547,aappolitician
548,jsvpdineshsoni ji
549,adhiveshan eventgujarat
550,jmscindia mocagoi
551,pmoindia hmoindia cmofgujarat
552,karnataka gujarat
553,jay ho
554,narendra modis aa
555,arpankaydawala kshatriyadilip mihirnraval pranavpatel
556,rivaba contest gujarat
557,god
558,cm arvind kejriwal
559,twenty
560,reshmapatel aamaadmiparty
561,pm newsx
562,gorakhpur nweaiecsmeitm
563,vadodaranews news
564,aftabaminpoonawala
565,aravlli modasa
566,saurabhkumar
567,criccrazyjohns gujrat elections gtgtgtgtgtgtgt
568,roflgandhi come on boyz gujart
569,swadeshi weaponsindia bjptamilnadu congressforgujarat
570,kanchanjariwala shud
571,jodo yatra
572,baldevji thakors massive janasamarthan rally
573,anishbhai
574,march
575,rabada
576,jamnagar congratulations imjadeja
577,kasmir
578,amitshah harishkhuranna
579,al madinah al muqaddasah
580,jamnagar catch
581,cm bhupendrapatels
582,khimbhaijogal poonambenmaadam
583,congress party
584,darshana jardosh mos
585,the last five years
586,the upcoming assembly
587,jadejas replacement
588,lotus
589,rt pls
590,sanjusamson
591,neymars family
592,imprapti jamawat
593,bipendrasinh jadeja
594,asaduddin
595,gandhian
596,aapgujarat congress
597,maharashtra
598,kalyan rahulgandhi
599,govoteassemblyelectionseci himachalpradeshelections
600,the century
601,jackspe remedyindian mohfwindia mohfwgujarat
602,saudi arabia
603,kankad jiex cm
604,anurag thakur
605,gujarat news
606,novotertobeleftbehindceogujarat collectormahi ecisveep
607,neelshah
608,ourvadodara baroda city
609,mim
610,dharna
611,pm narendra
612,only one
613,poland
614,jamnagar imjadeja
615,aywgujarat
616,chance assemblyelections morbi bridgecollapse bjp gujaratpolls
617,gujarat assembly
618,ravindrajadejas
619,nationfirst namo
620,indvban
621,jpnadda manifesto
622,ankitagoraap rivababjp rivabajadeja rivababjp
623,rrbntpcresultdopmoindia railminindia ashwinivaishnaw narendramodirrbkolkata
624,mukulwasnik south zonemr mohanprakashinc
625,the bjymgujarat karyakarta
626,joshi rahuljoshi
627,shikhardhawan
628,aapgujarat jay ho
629,hundreds
630,thebigfight
631,pm modi inaugurate new terminal of bengaluruairport himachal pradesh assemblyelections tomorrowall rajivgandhiassassinationcase convict releasedvice
632,woh mehnat kar
633,gopalitalia gujaratelection
634,gandhinagar southgujarat
635,form bharke aaya aur
636,teachers of danta ac
637,khalistani ak
638,drprashantkorat
639,sanjusamson nzvind nzvsind rishabhpant
640,indranil rajguru
641,imandar rajniti
642,india news watch
643,song aapgujarat
644,british
645,aimim leader warispathan slam
646,snehal joshi tell
647,abvpdangvotekargujarat abvpgujarat gujaratelectionsgujarat
648,tajindertiwana
649,surat east assembly
650,moodofgujarat
651,himachalpolls assemblyelections vote
652,cm chouhanshivraj
653,gpcc prez jagdishthakormp amp inc mlas
654,bhandari
655,riotsin
656,leader reshmapatel join
657,peoplegujarat
658,mehsana gujaratelection
659,ratansharda voiceforindia
660,kanchanjariwala manishsisodia
661,varundhawan
662,four
663,sri gauravbh ji national spokesperson
664,gandhinagar south seat
665,daily
666,jamnagar gujaratelections
667,yogi ji
668,max
669,jamnagar north assembly
670,raodshow bjp
671,raj samadhiyala village
672,nota
673,farziwal delhi
674,rohitsharma
675,k liye
676,bcci india
677,thakor
678,cm yogi
679,kanhaiyakumar
680,tuesday
681,rt anidigital amit shah call
682,digvijaya launch
683,navsari
684,three consecutive days
685,vikrantgupta sushantmehraat
686,savarkar assemblyelections cartoon
687,drmanishdoshi
688,akshaykumar
689,gujarat bjpgujarat
690,indian
691,election day
692,candidatesgujarat
693,bavla gujarat
694,ji v arvindkejriwal
695,kutiyan mla
696,gujaratelections gopalitalia
697,hypocrisy meter
698,this year
699,the upcoming gujarat assembly
700,bhavnagar
701,jamnagar gujarat
702,kalpeshbhai sundhiyas
703,presidentgujarat
704,aapwaveingujarat
705,zero
706,aapdelhi justice
707,raviba jadeja
708,rightsabirkabliwala aimimgujrat wasimqureshiof gufrank
709,the last day
710,abdasa assembly
711,the early morning
712,ketan inamdar ask workers
713,nationalbjp
714,mihirpatelaap
715,kutiyana
716,kandhal jadeja
717,bhupendra patel
718,injuryindvsban
719,gujaratfirst aapmuktgujaratcongressmuktgujarat
720,thakor congress candidate
721,two
722,jamnagar airportgujaratelections
723,st kshatriya
724,parivartan
725,cm jairamthakur thakur
726,skta hai
727,next years
728,p rupala
729,rivaba jadejacricketer
730,jamnagar mpparimal
731,more than a decade ago
732,five
733,wud
734,narendramodiin pmoindia jpnadda bjpindia
735,jamnagar ahead
736,jai jai garvi
737,shwetaindia sharadsharma
738,nandod
739,gauridesaiaap tarishisharma drsunnysingh
740,vidhan sabha poll
741,mindmy
742,tharad congress
743,itvideo
744,umreth vidhan sabha
745,fatima yasir
746,rdmathur daarubaazmehta
747,modis blueeyed
748,gujarat intensifiesso
749,manish sisodia
750,isudangadhvi gopalitalia
751,makkar surawala
752,khambhalia jamnagar
753,republicbharat gujarat
754,later this week
755,patil ben
756,one
757,gujaratassemblyelection rivabajadejagujarat assembly
758,two year old
759,monday
760,weightindian
761,patelnirali reshmapatel pkakkar rajubhaikarpad
762,every five years
763,asia cupcricket news
764,century
765,avadhootashok manoharnamas satyendarjain msisodia
766,campaignersgujarat
767,bavla
768,sanjayazadsln aapgujarat
769,dr amee
770,kangra district
771,gujarat electionsformer
772,jaisa ek party
773,kolirajusolanki
774,friday
775,ravindra jadeja knee
776,nonindian
777,the duty hours
778,barrister asaduddin
779,saab
780,parshottam rupala
781,steve smith pick
782,jammu
783,hai u mdarchd
784,jadeja vs
785,iamsanjusamson bcci bcci
786,jan poll
787,bush
788,gopalitalia aapgujarat
789,lakhimpur
790,thousands
791,cm
792,many years
793,parentsmeraabdulaisanahihai
794,canadian
795,nikhilsavani
796,himachal assembly
797,kejriwal neek moko isudan
798,cm jairam thakur
799,officejmscindia jmscindia
800,hindu tej jagoif
801,kanchanjariwala aajkibaat
802,east kanchan jariwala
803,bhupendrapatels
804,the next yearsgujarat
805,nyc pic
806,shah cm hold
807,poulomimsaha snehamordani
808,gopalitalia aapgujarat great
809,cm arvindkejriwal
810,ashoswai break bjp
811,dist
812,gujarat p bharti
813,isudangadhvi gopalitalia aapgujarat
814,first
815,ram jethmalani lastquestion
816,drzpkheni iamlalajithakor great motivation
817,almost years
818,gujaratelections gujarat
819,one year
820,todaybjpgujarat
821,twoday
822,gujarat cm
823,ourvadodara sambitswaraj
824,moregujarat
825,aapgujarat onli
826,ko
827,congress bharatjodoyarta gujaratelection
828,bjpkarnataka badami
829,hindutvayogi ji believe
830,cm file
831,jai ram
832,indiatoday
833,anar patel
834,wadiya
835,cm bhupendrapatel
836,timarpur delhi
837,himanshupunsari babarabariaal
838,rahultverma
839,k liye khel
840,female metro security guard
841,jairamramesh bharatjodoyatra
842,rajasthans
843,fourth
844,this new year
845,bengaluru tech
846,nirali benyagnik
847,shahbaz ahmed saurabh
848,rajiv gandhi
849,ki
850,santoshvnspatel
851,saini ravi bishnoi
852,rt anidigital ravindra jadeja
853,telangana mahila morcha
854,anil shukla
855,kanumanatbjp gorkirtan
856,psmritiirani ashwinivaishnaw nitingadkari vpsecretariat kirenrijiju
857,reshmapatel
858,indonesian
859,maldhari mahapanchayat
860,december
861,natrajan
862,bjp mahila morcha office
863,khotu
864,saurashtra
865,congress nd
866,correctionimro bcci
867,seven
868,folt news
869,ncpspeaks
870,waris pathan
871,jasssrajgrewal arvindkejriwal
872,bjps national spokesperson sambit patra
873,listthemornstandard newindianxpress
874,hardik patel
875,nso survey
876,the year
877,narendra
878,the jamnagar airport
879,congress congress
880,thisaajtak kanchan jariwala
881,suryakantkelkar ji
882,vinod agrawal
883,ritugurjar
884,gujaratassemblypollsbaarbaarbhajpa aayegitobjphi
885,a single day
886,suryakumar bcci indvsban
887,amitshah jpnadda cmoguj crpaatil pradipsinhbjp
888,kejriwal ko
889,st gujaratwelcomesyogijind
890,arshadsharif artemis artemis afazenda shanquellarobinson
891,second
892,krantikari
893,sandhyapanchal reshmapatel
894,bjpgujrat imjadeja
895,himachals jairamthakur
896,nehaamin ahmedabadmirror
897,mehsana
898,gauridesaiaap reshmapatel congratulations
899,vajinkya
900,mla vikramaditya
901,twelve
902,moronhumor
903,kanchanjariwala
904,weekly
905,bjpindia seatsincindia
906,aapharyana
907,jigneshmevani pitch
908,kidnappingaap surat bjp
909,trendingnewstoday
910,the day
911,shribhupendrabhai
912,the first hour
913,kuldeepsen
914,saurashtra southgujarat pm
915,rssorg bjpindia
916,kapilmishraind gyanendrat state
917,shreyasiyer teamindia bcci
918,bowler kuldeepsen
919,dheliben
920,ac
921,kattar beiman party
922,scan
923,pm modi ji
924,imjadeja rivabajadeja
925,some days
926,a week ago
927,nadiedicenada nct
928,raj samadhiyala
929,congress himachalpradeshelectionstherealtalkin
930,rivabajadeja hakubhajamnagar jay ho
931,ho bjpgujarat
932,bsundar
933,last years
934,jersey
935,east kanchanjariwala
936,iycgujarat
937,zameen
938,brijdoshi bjpgujarat
939,dev ankur
940,gujaratians
941,che
942,bharatiya janata party
943,sonusood beingsalmankhan akshaykumar sunielvshetty
944,achanq achhe ho jate h
945,ambani diamond fork narendra
946,gujarat
947,mumbai
948,hallagullaboy arvindkejriwal aamaadmiparty
949,ji v
950,rajiv kumar
951,reshmapatel gopalitalia
952,har sal hona chaiye
953,mavji desai
954,jiyesterday
955,decode aam aadmi party
956,kanchanjariwalabjp gujaratelectionsbjpkidnapsaapcandidatebjpgujarataapgujarat
957,delhiconfidential union
958,manasa
959,arvind kejriwal somehow gather
960,cec
961,rs k
962,kukrani
963,winter
964,gujaratassemblypolls delhi
965,completedlast day
966,ravindrajadejatworldcup tworldcup
967,jayantibhai patel
968,jamnagar watch
969,bhai
970,cm devfadnavis
971,manishsisodia kanchanjariwala
972,bcci
973,gujarat call gujaratelection
974,satyendra jain manishsisodia
975,gopalitalia aapgujarat congratulations
976,patelgujarat
977,gopalitalia aapgujarat useless party
978,amitshah jpnadda crpaatil bhupendrapbjp bjpgujarat bjpindia
979,manoj kukrani
980,uk
981,red alert
982,jp nadda union minister
983,shashi tharoor
984,santoshvnspatel aapkapmak arvindkejriwal
985,advance congratulations
986,himachalpradeshassemblyelections cm jairam thakur
987,vrs
988,wednesday a day
989,aapians days
990,isudangadhvigujaratcm
991,newsx
992,ma
993,himindvsban jadeja indvsban
994,ajitlokhil aapyograjsinh
995,bhadrakali mandir
996,shivnarayan
997,dear gujrati brothers
998,banaskantha district
999,timesofindia
1000,update ravindra jadeja
1001,muslimincgujarat
1002,kidnappedgujarat
1003,about pm
1004,new delhi
1005,cm assam
1006,years ago
1007,aapgujarat news
1008,congress gujarat
1009,bcci indvsban
1010,legislationmilton
1011,imjadeja
1012,night pm
1013,the last days
1014,hasansafin manojsorathiya
1015,a week
1016,desimojito
1017,day
1018,supreme court
1019,janab
1020,bavla district
1021,reshma patel
1022,bjps star
1023,keyurrokadia
1024,daarubaazmehta thenewdawnforaa gulabmatiala
1025,jumlas
1026,comeaam aadmi party
1027,gujaratelectionsaap cm
1028,muslim
1029,kanchanjariwala pull
1030,seventh
1031,banayagujarat
1032,jagadisha encourageaap
1033,kishann
1034,congressforgujarat
1035,ravindra jadeja
1036,kalpakkekre chaudhryshankar
1037,cm cmoguj
1038,reshmapatel manbodhdubey
1039,gandhidham road
1040,big badlaavpunjab cm office
